entry_name,entry_params,score,window,signal_id,param_timeperiod,param_nbdev,有效月份数,w20_平均收益,w20_稳定性,w20_样本内收益,w20_样本外收益,w20_样本外衰减率,w40_平均收益,w40_稳定性,w40_样本内收益,w40_样本外收益,w40_样本外衰减率,w60_平均收益,w60_稳定性,w60_样本内收益,w60_样本外收益,w60_样本外衰减率
bb_price_crossover_low_2,"{'timeperiod': 15, 'nbdev': 1.5}",-0.00558940701238539,20,bb_price_crossover_low_2^1.5^15,15,1.5,7,-0.005263028853827993,0.46352534857079736,-0.00558940701238539,-0.0033047599024836117,0.0,,,,,,,,,,
bb_price_crossover_low_2,"{'timeperiod': 15, 'nbdev': 1.5}",-0.0059622342072090835,40,bb_price_crossover_low_2^1.5^15,15,1.5,7,,,,,,-0.005202857083314201,0.5016950025832888,-0.0059622342072090835,-0.0006465943399449087,0.0,,,,,
bb_price_crossover_low_2,"{'timeperiod': 15, 'nbdev': 1.5}",-0.00563801911826562,60,bb_price_crossover_low_2^1.5^15,15,1.5,7,,,,,,,,,,,-0.00588668603161901,0.6300636307545464,-0.00563801911826562,-0.007378687511739357,0.0
bb_price_crossover_low_2,"{'timeperiod': 20, 'nbdev': 1.5}",0.0005288086090310553,20,bb_price_crossover_low_2^1.5^20,20,1.5,8,-0.00026008085844679617,0.07731895270226075,0.0007496446957668152,-0.007328159737942075,-9.775510691029522,,,,,,,,,,
bb_price_crossover_low_2,"{'timeperiod': 20, 'nbdev': 1.5}",0.000904101395251181,40,bb_price_crossover_low_2^1.5^20,20,1.5,8,,,,,,-0.0004702844830983899,0.0769447517211791,0.00128171132581311,-0.012734255145478891,-9.935353530094115,,,,,
bb_price_crossover_low_2,"{'timeperiod': 20, 'nbdev': 1.5}",0.00012563830962566746,60,bb_price_crossover_low_2^1.5^20,20,1.5,8,,,,,,,,,,,-0.0012382926451989756,0.2020741948447535,0.00017592824364670332,-0.011137838867118728,-63.3089868701559
bb_price_crossover_low_2,"{'timeperiod': 25, 'nbdev': 1.5}",-0.00011085432887592121,20,bb_price_crossover_low_2^1.5^25,25,1.5,7,-4.2453432376639167e-05,0.016522650306874557,-0.00011085432887592121,0.00036795194661905315,0.0,,,,,,,,,,
bb_price_crossover_low_2,"{'timeperiod': 25, 'nbdev': 1.5}",0.0006608408560427567,40,bb_price_crossover_low_2^1.5^25,25,1.5,7,,,,,,0.0008087355842168484,0.1846111446714692,0.0004991247214174199,0.0026664007610134187,5.342153266705252,,,,,
bb_price_crossover_low_2,"{'timeperiod': 25, 'nbdev': 1.5}",0.0012021027780120916,60,bb_price_crossover_low_2^1.5^25,25,1.5,7,,,,,,,,,,,0.001434412268621784,0.3236770488343511,0.0008957026069786766,0.0046666702384804285,5.210066602598964
