entry_name,entry_params,score,window,signal_id,param_timeperiod,param_nbdev,有效月份数,w20_平均收益,w20_稳定性,w20_样本内收益,w20_样本外收益,w20_样本外衰减率,w40_平均收益,w40_稳定性,w40_样本内收益,w40_样本外收益,w40_样本外衰减率,w60_平均收益,w60_稳定性,w60_样本内收益,w60_样本外收益,w60_样本外衰减率
bb_price_crossover_low_2,"{'timeperiod': 15, 'nbdev': 1.5}",-0.0002065114481305485,20,bb_price_crossover_low_2^1.5^15,15,1.5,5,-2.9192042615485923e-05,0.029703883224874692,-0.0002065114481305485,0.0006800855794447644,0.0,,,,,,,,,,
bb_price_crossover_low_2,"{'timeperiod': 15, 'nbdev': 1.5}",-0.0007002947322877087,40,bb_price_crossover_low_2^1.5^15,15,1.5,5,,,,,,0.0004968351096208315,0.18041910362846986,-0.0007002947322877087,0.005285354477254992,0.0,,,,,
bb_price_crossover_low_2,"{'timeperiod': 15, 'nbdev': 1.5}",-0.0014071701855950477,60,bb_price_crossover_low_2^1.5^15,15,1.5,5,,,,,,,,,,,-0.00032745017521204416,0.10042290701717697,-0.0014071701855950477,0.00399142986631997,0.0
bb_price_crossover_low_2,"{'timeperiod': 20, 'nbdev': 1.5}",-0.00045290490108456277,20,bb_price_crossover_low_2^1.5^20,20,1.5,5,-0.0005209697969027462,0.2810191048639376,-0.00045290490108456277,-0.00079322938017548,0.0,,,,,,,,,,
bb_price_crossover_low_2,"{'timeperiod': 20, 'nbdev': 1.5}",-0.002251988872375734,40,bb_price_crossover_low_2^1.5^20,20,1.5,5,,,,,,-0.0010841924288319089,0.3346255972060667,-0.002251988872375734,0.0024191969017995666,0.0,,,,,
bb_price_crossover_low_2,"{'timeperiod': 20, 'nbdev': 1.5}",-0.0026962841155186087,60,bb_price_crossover_low_2^1.5^20,20,1.5,5,,,,,,,,,,,-0.0016131852292505047,0.38413408670233334,-0.0026962841155186087,0.0016361114295538077,0.0
bb_price_crossover_low_2,"{'timeperiod': 25, 'nbdev': 1.5}",0.001765806213848986,20,bb_price_crossover_low_2^1.5^25,25,1.5,5,0.0017279996387398854,1.1228226345501433,0.0012211940411351026,0.0037552220291590167,3.075041232324168,,,,,,,,,,
bb_price_crossover_low_2,"{'timeperiod': 25, 'nbdev': 1.5}",1.4923476822276376e-05,40,bb_price_crossover_low_2^1.5^25,25,1.5,5,,,,,,0.00045858287438235116,0.22158856944576355,1.1230737255373273e-05,0.0022479914228902627,200.16418973872138,,,,,
bb_price_crossover_low_2,"{'timeperiod': 25, 'nbdev': 1.5}",-0.00045335055885127097,60,bb_price_crossover_low_2^1.5^25,25,1.5,5,,,,,,,,,,,0.0004690264836243029,0.14384037386306736,-0.00045335055885127097,0.0041585346535265985,0.0
