entry_name,entry_params,score,window,signal_id,param_timeperiod,param_nbdev,有效月份数,w20_平均收益,w20_稳定性,w20_样本内收益,w20_样本外收益,w20_样本外衰减率,w40_平均收益,w40_稳定性,w40_样本内收益,w40_样本外收益,w40_样本外衰减率,w60_平均收益,w60_稳定性,w60_样本内收益,w60_样本外收益,w60_样本外衰减率
bb_price_crossover_low_2,"{'timeperiod': 15, 'nbdev': 1.5}",-0.002447743095871495,20,bb_price_crossover_low_2^1.5^15,15,1.5,4,-0.001617334349870988,0.991600097502809,-0.002447743095871495,0.0008738918881305314,0.0,,,,,,,,,,
bb_price_crossover_low_2,"{'timeperiod': 15, 'nbdev': 1.5}",-0.004529022304913243,40,bb_price_crossover_low_2^1.5^15,15,1.5,4,,,,,,-0.0026650929971898884,0.6650161321937503,-0.004529022304913243,0.0029266949259801746,0.0,,,,,
bb_price_crossover_low_2,"{'timeperiod': 15, 'nbdev': 1.5}",-0.003297576118402359,60,bb_price_crossover_low_2^1.5^15,15,1.5,4,,,,,,,,,,,-0.002423586455151148,0.5960285244023418,-0.003297576118402359,0.00019838253460248632,0.0
bb_price_crossover_low_2,"{'timeperiod': 20, 'nbdev': 1.5}",-0.00012518668360433707,20,bb_price_crossover_low_2^1.5^20,20,1.5,4,-4.48068594993571e-05,0.07847643942242756,-0.00012518668360433707,0.00019633261281558277,0.0,,,,,,,,,,
bb_price_crossover_low_2,"{'timeperiod': 20, 'nbdev': 1.5}",-0.0008577450208666846,40,bb_price_crossover_low_2^1.5^20,20,1.5,4,,,,,,-0.00027581340970586567,0.10790402314106078,-0.0008577450208666846,0.001469981423776591,0.0,,,,,
bb_price_crossover_low_2,"{'timeperiod': 20, 'nbdev': 1.5}",-0.00037450493189255304,60,bb_price_crossover_low_2^1.5^20,20,1.5,4,,,,,,,,,,,-0.0001491313120494474,0.04537129118856268,-0.00037450493189255304,0.0005269895474798696,0.0
bb_price_crossover_low_2,"{'timeperiod': 25, 'nbdev': 1.5}",0.0032354729722472242,20,bb_price_crossover_low_2^1.5^25,25,1.5,3,0.002928527275458752,1.048123059534728,0.002928527275458752,0.0,0.0,,,,,,,,,,
bb_price_crossover_low_2,"{'timeperiod': 25, 'nbdev': 1.5}",0.0,40,bb_price_crossover_low_2^1.5^25,25,1.5,3,,,,,,0.0,0.0,0.0,0.0,0.0,,,,,
bb_price_crossover_low_2,"{'timeperiod': 25, 'nbdev': 1.5}",0.0,60,bb_price_crossover_low_2^1.5^25,25,1.5,3,,,,,,,,,,,0.0,0.0,0.0,0.0,0.0
