entry_name,entry_params,score,window,signal_id,param_timeperiod,param_nbdev,有效月份数,w20_平均收益,w20_稳定性,w20_样本内收益,w20_样本外收益,w20_样本外衰减率,w40_平均收益,w40_稳定性,w40_样本内收益,w40_样本外收益,w40_样本外衰减率,w60_平均收益,w60_稳定性,w60_样本内收益,w60_样本外收益,w60_样本外衰减率
bb_price_crossover_low_2,"{'timeperiod': 15, 'nbdev': 1.5}",0.001323404422038599,20,bb_price_crossover_low_2^1.5^15,15,1.5,5,0.0010327564798600847,0.5303149333413771,0.001461889920988647,-0.0006837772846541636,-0.4677351384923283,,,,,,,,,,
bb_price_crossover_low_2,"{'timeperiod': 15, 'nbdev': 1.5}",0.0005783723496571505,40,bb_price_crossover_low_2^1.5^15,15,1.5,5,,,,,,0.00046935624503540373,0.2881643015589048,0.0007093091187014806,-0.0004904552496289038,-0.6914548772850565,,,,,
bb_price_crossover_low_2,"{'timeperiod': 15, 'nbdev': 1.5}",0.0007396134209552188,60,bb_price_crossover_low_2^1.5^15,15,1.5,5,,,,,,,,,,,0.0007916869540202877,0.3651283312523044,0.000548891805824893,0.001762867546801867,3.211684940627909
bb_price_crossover_low_2,"{'timeperiod': 20, 'nbdev': 1.5}",-0.0005928263436760586,20,bb_price_crossover_low_2^1.5^20,20,1.5,5,-7.33173982531296e-05,0.04404549381725101,-0.0005928263436760586,0.0020047183834385864,0.0,,,,,,,,,,
bb_price_crossover_low_2,"{'timeperiod': 20, 'nbdev': 1.5}",-0.0012410564378057744,40,bb_price_crossover_low_2^1.5^20,20,1.5,5,,,,,,-0.0009160816869296257,0.960070738964416,-0.0012410564378057744,0.0003838173165749692,0.0,,,,,
bb_price_crossover_low_2,"{'timeperiod': 20, 'nbdev': 1.5}",-0.0005128578595096013,60,bb_price_crossover_low_2^1.5^20,20,1.5,5,,,,,,,,,,,-0.0006516047869473666,0.6438497380619722,-0.0005128578595096013,-0.0012065924966984279,0.0
bb_price_crossover_low_2,"{'timeperiod': 25, 'nbdev': 1.5}",-0.0009497972239951302,20,bb_price_crossover_low_2^1.5^25,25,1.5,3,-0.0009497972239951302,0.40052895008612266,-0.0009497972239951302,0.0,0.0,,,,,,,,,,
bb_price_crossover_low_2,"{'timeperiod': 25, 'nbdev': 1.5}",0.0,40,bb_price_crossover_low_2^1.5^25,25,1.5,3,,,,,,0.0,0.0,0.0,0.0,0.0,,,,,
bb_price_crossover_low_2,"{'timeperiod': 25, 'nbdev': 1.5}",0.0,60,bb_price_crossover_low_2^1.5^25,25,1.5,3,,,,,,,,,,,0.0,0.0,0.0,0.0,0.0
